"filename", "language", "TypeScript", "TypeScript React", "SCSS", "CSS", "GraphQL", "JSON", "comment", "blank", "total"
"/home/nsmyth/Dev/Alkemio/client-web/src/components/ActivityPanel/Activities.tsx", "TypeScript React", 0, 26, 0, 0, 0, 0, 0, 2, 28
"/home/nsmyth/Dev/Alkemio/client-web/src/components/ActivityPanel/ActivityCard.tsx", "TypeScript React", 0, 38, 0, 0, 0, 0, 0, 4, 42
"/home/nsmyth/Dev/Alkemio/client-web/src/components/ActivityPanel/StateActivityCardItem.tsx", "TypeScript React", 0, 96, 0, 0, 0, 0, 1, 13, 110
"/home/nsmyth/Dev/Alkemio/client-web/src/components/ActivityPanel/tempMockActivities.ts", "TypeScript", 27, 0, 0, 0, 0, 0, 0, 2, 29
"/home/nsmyth/Dev/Alkemio/client-web/src/components/Admin/Authorization/EditCommunityCredentials.tsx", "TypeScript React", 0, 74, 0, 0, 0, 0, 0, 10, 84
"/home/nsmyth/Dev/Alkemio/client-web/src/components/Admin/Authorization/EditGroupCredentials.tsx", "TypeScript React", 0, 69, 0, 0, 0, 0, 0, 10, 79
"/home/nsmyth/Dev/Alkemio/client-web/src/components/Admin/Authorization/EditMemberCredentials.tsx", "TypeScript React", 0, 35, 0, 0, 0, 0, 1, 6, 42
"/home/nsmyth/Dev/Alkemio/client-web/src/components/Admin/Common/ContextReferenceSegment.tsx", "TypeScript React", 0, 30, 0, 0, 0, 0, 0, 6, 36
"/home/nsmyth/Dev/Alkemio/client-web/src/components/Admin/Common/ContextSegment.tsx", "TypeScript React", 0, 27, 0, 0, 0, 0, 0, 4, 31
"/home/nsmyth/Dev/Alkemio/client-web/src/components/Admin/Common/CreateGroupForm.tsx", "TypeScript React", 0, 62, 0, 0, 0, 0, 0, 6, 68
"/home/nsmyth/Dev/Alkemio/client-web/src/components/Admin/Common/Filter.tsx", "TypeScript React", 0, 42, 0, 0, 0, 0, 0, 6, 48
"/home/nsmyth/Dev/Alkemio/client-web/src/components/Admin/Common/FormikCheckboxField.tsx", "TypeScript React", 0, 24, 0, 0, 0, 0, 0, 5, 29
"/home/nsmyth/Dev/Alkemio/client-web/src/components/Admin/Common/FormikInputField.tsx", "TypeScript React", 0, 49, 0, 0, 0, 0, 0, 3, 52
"/home/nsmyth/Dev/Alkemio/client-web/src/components/Admin/Common/FormikMarkdownField.tsx", "TypeScript React", 0, 59, 0, 0, 0, 0, 4, 5, 68
"/home/nsmyth/Dev/Alkemio/client-web/src/components/Admin/Common/FormikSelect.tsx", "TypeScript React", 0, 52, 0, 0, 0, 0, 0, 4, 56
"/home/nsmyth/Dev/Alkemio/client-web/src/components/Admin/Common/NameSegment.tsx", "TypeScript React", 0, 34, 0, 0, 0, 0, 0, 4, 38
"/home/nsmyth/Dev/Alkemio/client-web/src/components/Admin/Common/OrganizationSegment.tsx", "TypeScript React", 0, 58, 0, 0, 0, 0, 0, 4, 62
"/home/nsmyth/Dev/Alkemio/client-web/src/components/Admin/Common/ProfileReferenceSegment.tsx", "TypeScript React", 0, 30, 0, 0, 0, 0, 0, 6, 36
"/home/nsmyth/Dev/Alkemio/client-web/src/components/Admin/Common/ProfileSegment.tsx", "TypeScript React", 0, 36, 0, 0, 0, 0, 0, 4, 40
"/home/nsmyth/Dev/Alkemio/client-web/src/components/Admin/Common/ReferenceSegment.tsx", "TypeScript React", 0, 142, 0, 0, 0, 0, 0, 7, 149
"/home/nsmyth/Dev/Alkemio/client-web/src/components/Admin/Common/TagsetSegment.tsx", "TypeScript React", 0, 85, 0, 0, 0, 0, 0, 7, 92
"/home/nsmyth/Dev/Alkemio/client-web/src/components/Admin/Common/VisualSegment.tsx", "TypeScript React", 0, 21, 0, 0, 0, 0, 0, 4, 25
"/home/nsmyth/Dev/Alkemio/client-web/src/components/Admin/Common/useInputField.tsx", "TypeScript React", 0, 31, 0, 0, 0, 0, 0, 3, 34
"/home/nsmyth/Dev/Alkemio/client-web/src/components/Admin/Common/useMarkdownInputField.tsx", "TypeScript React", 0, 30, 0, 0, 0, 0, 0, 3, 33
"/home/nsmyth/Dev/Alkemio/client-web/src/components/Admin/Common/useProfileStyles.ts", "TypeScript", 15, 0, 0, 0, 0, 0, 0, 2, 17
"/home/nsmyth/Dev/Alkemio/client-web/src/components/Admin/Community/ApplicationDetailsPage.tsx", "TypeScript React", 0, 14, 0, 0, 0, 0, 0, 4, 18
"/home/nsmyth/Dev/Alkemio/client-web/src/components/Admin/Community/ApplicationPage.tsx", "TypeScript React", 0, 201, 0, 0, 0, 0, 0, 23, 224
"/home/nsmyth/Dev/Alkemio/client-web/src/components/Admin/Community/CommunityPage.tsx", "TypeScript React", 0, 26, 0, 0, 0, 0, 0, 5, 31
"/home/nsmyth/Dev/Alkemio/client-web/src/components/Admin/Community/CommunityTypes.ts", "TypeScript", 12, 0, 0, 0, 0, 0, 0, 4, 16
"/home/nsmyth/Dev/Alkemio/client-web/src/components/Admin/Community/CreateCommunityGroup.tsx", "TypeScript React", 0, 56, 0, 0, 0, 0, 0, 9, 65
"/home/nsmyth/Dev/Alkemio/client-web/src/components/Admin/Community/EditMembers.tsx", "TypeScript React", 0, 151, 0, 0, 0, 0, 0, 6, 157
"/home/nsmyth/Dev/Alkemio/client-web/src/components/Admin/Community/LeadingOrganizationPage.tsx", "TypeScript React", 0, 218, 0, 0, 0, 0, 0, 23, 241
"/home/nsmyth/Dev/Alkemio/client-web/src/components/Admin/EcoverseEditForm.tsx", "TypeScript React", 0, 154, 0, 0, 0, 0, 0, 14, 168
"/home/nsmyth/Dev/Alkemio/client-web/src/components/Admin/EditChallenge.tsx", "TypeScript React", 0, 122, 0, 0, 0, 0, 0, 13, 135
"/home/nsmyth/Dev/Alkemio/client-web/src/components/Admin/EditLifecycle.tsx", "TypeScript React", 0, 48, 0, 0, 0, 0, 0, 6, 54
"/home/nsmyth/Dev/Alkemio/client-web/src/components/Admin/EditOpportunity.tsx", "TypeScript React", 0, 128, 0, 0, 0, 0, 0, 13, 141
"/home/nsmyth/Dev/Alkemio/client-web/src/components/Admin/FormMode.ts", "TypeScript", 5, 0, 0, 0, 0, 0, 0, 1, 6
"/home/nsmyth/Dev/Alkemio/client-web/src/components/Admin/Group/EditMembersPage.tsx", "TypeScript React", 0, 23, 0, 0, 0, 0, 0, 6, 29
"/home/nsmyth/Dev/Alkemio/client-web/src/components/Admin/Group/GroupForm.tsx", "TypeScript React", 0, 169, 0, 0, 0, 0, 0, 11, 180
"/home/nsmyth/Dev/Alkemio/client-web/src/components/Admin/Group/GroupMembersDetails.tsx", "TypeScript React", 0, 43, 0, 0, 0, 0, 0, 3, 46
"/home/nsmyth/Dev/Alkemio/client-web/src/components/Admin/Group/GroupPage.tsx", "TypeScript React", 0, 104, 0, 0, 0, 0, 2, 18, 124
"/home/nsmyth/Dev/Alkemio/client-web/src/components/Admin/ListPage.tsx", "TypeScript React", 0, 37, 0, 0, 0, 0, 0, 5, 42
"/home/nsmyth/Dev/Alkemio/client-web/src/components/Admin/ManagementPageTemplate.tsx", "TypeScript React", 0, 69, 0, 0, 0, 0, 0, 9, 78
"/home/nsmyth/Dev/Alkemio/client-web/src/components/Admin/Organization/CreateOrganizationGroup.tsx", "TypeScript React", 0, 60, 0, 0, 0, 0, 0, 8, 68
"/home/nsmyth/Dev/Alkemio/client-web/src/components/Admin/Organization/OrganizationForm.tsx", "TypeScript React", 0, 191, 0, 0, 0, 0, 6, 20, 217
"/home/nsmyth/Dev/Alkemio/client-web/src/components/Admin/Organization/OrganizationList.tsx", "TypeScript React", 0, 38, 0, 0, 0, 0, 0, 10, 48
"/home/nsmyth/Dev/Alkemio/client-web/src/components/Admin/Organization/OrganizationPage.tsx", "TypeScript React", 0, 135, 0, 0, 0, 0, 2, 13, 150
"/home/nsmyth/Dev/Alkemio/client-web/src/components/Admin/SearchableList.tsx", "TypeScript React", 0, 115, 0, 0, 0, 0, 0, 16, 131
"/home/nsmyth/Dev/Alkemio/client-web/src/components/Admin/User/UserList.tsx", "TypeScript React", 0, 32, 0, 0, 0, 0, 14, 14, 60
"/home/nsmyth/Dev/Alkemio/client-web/src/components/Admin/User/UserRemoveModal.tsx", "TypeScript React", 0, 32, 0, 0, 0, 0, 0, 4, 36
"/home/nsmyth/Dev/Alkemio/client-web/src/components/Admin/index.ts", "TypeScript", 3, 0, 0, 0, 0, 0, 0, 1, 4
"/home/nsmyth/Dev/Alkemio/client-web/src/components/Admin/managementData.ts", "TypeScript", 127, 0, 0, 0, 0, 0, 0, 2, 129
"/home/nsmyth/Dev/Alkemio/client-web/src/components/Authentication/Kratos/KratosButton.tsx", "TypeScript React", 0, 29, 0, 0, 0, 0, 0, 4, 33
"/home/nsmyth/Dev/Alkemio/client-web/src/components/Authentication/Kratos/KratosCheckbox.tsx", "TypeScript React", 0, 38, 0, 0, 0, 0, 0, 6, 44
"/home/nsmyth/Dev/Alkemio/client-web/src/components/Authentication/Kratos/KratosFeedback.tsx", "TypeScript React", 0, 17, 0, 0, 0, 0, 0, 3, 20
"/home/nsmyth/Dev/Alkemio/client-web/src/components/Authentication/Kratos/KratosHidden.tsx", "TypeScript React", 0, 10, 0, 0, 0, 0, 0, 4, 14
"/home/nsmyth/Dev/Alkemio/client-web/src/components/Authentication/Kratos/KratosInput.tsx", "TypeScript React", 0, 68, 0, 0, 0, 0, 0, 8, 76
"/home/nsmyth/Dev/Alkemio/client-web/src/components/Authentication/Kratos/KratosProps.ts", "TypeScript", 9, 0, 0, 0, 0, 0, 0, 3, 12
"/home/nsmyth/Dev/Alkemio/client-web/src/components/Authentication/Kratos/KratosTermsLabel.tsx", "TypeScript React", 0, 17, 0, 0, 0, 0, 1, 5, 23
"/home/nsmyth/Dev/Alkemio/client-web/src/components/Authentication/Kratos/helpers.ts", "TypeScript", 72, 0, 0, 0, 0, 0, 0, 17, 89
"/home/nsmyth/Dev/Alkemio/client-web/src/components/Authentication/KratosUI.tsx", "TypeScript React", 0, 205, 0, 0, 0, 0, 1, 25, 231
"/home/nsmyth/Dev/Alkemio/client-web/src/components/AuthenticationBackdrop.tsx", "TypeScript React", 0, 19, 0, 0, 0, 0, 0, 4, 23
"/home/nsmyth/Dev/Alkemio/client-web/src/components/BackdropWithMessage.tsx", "TypeScript React", 0, 43, 0, 0, 0, 0, 0, 7, 50
"/home/nsmyth/Dev/Alkemio/client-web/src/components/Challenge/ChallengeCommunitySection.tsx", "TypeScript React", 0, 35, 0, 0, 0, 0, 0, 5, 40
"/home/nsmyth/Dev/Alkemio/client-web/src/components/Challenge/ChallengePopUp.tsx", "TypeScript React", 0, 25, 0, 0, 0, 0, 0, 5, 30
"/home/nsmyth/Dev/Alkemio/client-web/src/components/Challenge/OpportunityCard.tsx", "TypeScript React", 0, 126, 0, 0, 0, 0, 0, 6, 132
"/home/nsmyth/Dev/Alkemio/client-web/src/components/Community/CommunitySection.tsx", "TypeScript React", 0, 118, 0, 0, 0, 0, 0, 8, 126
"/home/nsmyth/Dev/Alkemio/client-web/src/components/Community/Discussions.tsx", "TypeScript React", 0, 37, 0, 0, 0, 0, 0, 6, 43
"/home/nsmyth/Dev/Alkemio/client-web/src/components/Community/Members.tsx", "TypeScript React", 0, 36, 0, 0, 0, 0, 0, 3, 39
"/home/nsmyth/Dev/Alkemio/client-web/src/components/Community/Tags.tsx", "TypeScript React", 0, 28, 0, 0, 0, 0, 0, 5, 33
"/home/nsmyth/Dev/Alkemio/client-web/src/components/Community/Updates.tsx", "TypeScript React", 0, 37, 0, 0, 0, 0, 0, 6, 43
"/home/nsmyth/Dev/Alkemio/client-web/src/components/Community/UserPopUp.tsx", "TypeScript React", 0, 242, 0, 0, 0, 0, 1, 14, 257
"/home/nsmyth/Dev/Alkemio/client-web/src/components/ContextEdit/index.tsx", "TypeScript React", 0, 109, 0, 0, 0, 0, 1, 11, 121
"/home/nsmyth/Dev/Alkemio/client-web/src/components/Ecoverse/Cards.tsx", "TypeScript React", 0, 163, 0, 0, 0, 0, 0, 14, 177
"/home/nsmyth/Dev/Alkemio/client-web/src/components/Ecoverse/ChallengeCard.tsx", "TypeScript React", 0, 125, 0, 0, 0, 0, 1, 8, 134
"/home/nsmyth/Dev/Alkemio/client-web/src/components/Ecoverse/EcoverseCard.tsx", "TypeScript React", 0, 164, 0, 0, 0, 0, 4, 8, 176
"/home/nsmyth/Dev/Alkemio/client-web/src/components/Ecoverse/EcoverseCommunitySection.tsx", "TypeScript React", 0, 31, 0, 0, 0, 0, 0, 5, 36
"/home/nsmyth/Dev/Alkemio/client-web/src/components/Ecoverse/InterestModal.tsx", "TypeScript React", 0, 135, 0, 0, 0, 0, 0, 11, 146
"/home/nsmyth/Dev/Alkemio/client-web/src/components/EditableAvatar.tsx", "TypeScript React", 0, 63, 0, 0, 0, 0, 15, 6, 84
"/home/nsmyth/Dev/Alkemio/client-web/src/components/MembershipBackdrop.tsx", "TypeScript React", 0, 11, 0, 0, 0, 0, 0, 5, 16
"/home/nsmyth/Dev/Alkemio/client-web/src/components/NavRings/index.tsx", "TypeScript React", 0, 83, 0, 0, 0, 0, 0, 12, 95
"/home/nsmyth/Dev/Alkemio/client-web/src/components/Opportunity/ActorEdit.tsx", "TypeScript React", 0, 160, 0, 0, 0, 0, 0, 15, 175
"/home/nsmyth/Dev/Alkemio/client-web/src/components/Opportunity/ActorGroupCreateModal.tsx", "TypeScript React", 0, 101, 0, 0, 0, 0, 0, 9, 110
"/home/nsmyth/Dev/Alkemio/client-web/src/components/Opportunity/AspectEdit.tsx", "TypeScript React", 0, 165, 0, 0, 0, 0, 0, 16, 181
"/home/nsmyth/Dev/Alkemio/client-web/src/components/Opportunity/Cards.tsx", "TypeScript React", 0, 356, 0, 0, 0, 0, 0, 26, 382
"/home/nsmyth/Dev/Alkemio/client-web/src/components/Opportunity/OpportunityCommunitySection.tsx", "TypeScript React", 0, 38, 0, 0, 0, 0, 0, 5, 43
"/home/nsmyth/Dev/Alkemio/client-web/src/components/Opportunity/OpportunityPopUp.tsx", "TypeScript React", 0, 34, 0, 0, 0, 0, 0, 6, 40
"/home/nsmyth/Dev/Alkemio/client-web/src/components/Organizations/OrganizationPopUp.tsx", "TypeScript React", 0, 195, 0, 0, 0, 0, 0, 13, 208
"/home/nsmyth/Dev/Alkemio/client-web/src/components/PopUpProps.ts", "TypeScript", 7, 0, 0, 0, 0, 0, 0, 2, 9
"/home/nsmyth/Dev/Alkemio/client-web/src/components/ProfileForm/ProfileForm.tsx", "TypeScript React", 0, 129, 0, 0, 0, 0, 2, 12, 143
"/home/nsmyth/Dev/Alkemio/client-web/src/components/Project/Cards.tsx", "TypeScript React", 0, 18, 0, 0, 0, 0, 0, 2, 20
"/home/nsmyth/Dev/Alkemio/client-web/src/components/User/User.tsx", "TypeScript React", 0, 84, 0, 0, 0, 0, 5, 9, 98
"/home/nsmyth/Dev/Alkemio/client-web/src/components/User/UserSegment.tsx", "TypeScript React", 0, 109, 0, 0, 0, 0, 0, 7, 116
"/home/nsmyth/Dev/Alkemio/client-web/src/components/UserProfile/ContactDetails.tsx", "TypeScript React", 0, 77, 0, 0, 0, 0, 0, 5, 82
"/home/nsmyth/Dev/Alkemio/client-web/src/components/UserProfile/MemberOf.tsx", "TypeScript React", 0, 56, 0, 0, 0, 0, 0, 6, 62
"/home/nsmyth/Dev/Alkemio/client-web/src/components/UserProfile/PendingApplications.tsx", "TypeScript React", 0, 84, 0, 0, 0, 0, 0, 8, 92
"/home/nsmyth/Dev/Alkemio/client-web/src/components/UserProfile/UserForm.tsx", "TypeScript React", 0, 283, 0, 0, 0, 0, 7, 21, 311
"/home/nsmyth/Dev/Alkemio/client-web/src/components/composite/common/ApplicationButton/ApplicationButton.spec.tsx", "TypeScript React", 0, 157, 0, 0, 0, 0, 24, 31, 212
"/home/nsmyth/Dev/Alkemio/client-web/src/components/composite/common/ApplicationButton/ApplicationButton.tsx", "TypeScript React", 0, 93, 0, 0, 0, 0, 0, 10, 103
"/home/nsmyth/Dev/Alkemio/client-web/src/components/composite/common/OrganizationVerifiedState/OrganizationVerifiedState.tsx", "TypeScript React", 0, 42, 0, 0, 0, 0, 0, 7, 49
"/home/nsmyth/Dev/Alkemio/client-web/src/components/composite/common/SettingsButton/SettingsButton.tsx", "TypeScript React", 0, 30, 0, 0, 0, 0, 0, 5, 35
"/home/nsmyth/Dev/Alkemio/client-web/src/components/composite/common/VerifiedStatus/VerifiedStatus.tsx", "TypeScript React", 0, 39, 0, 0, 0, 0, 0, 6, 45
"/home/nsmyth/Dev/Alkemio/client-web/src/components/composite/forms/CountrySelect.tsx", "TypeScript React", 0, 52, 0, 0, 0, 0, 0, 4, 56
"/home/nsmyth/Dev/Alkemio/client-web/src/components/composite/index.ts", "TypeScript", 2, 0, 0, 0, 0, 0, 0, 1, 3
"/home/nsmyth/Dev/Alkemio/client-web/src/components/composite/layout/App/App.tsx", "TypeScript React", 0, 146, 0, 0, 0, 0, 0, 11, 157
"/home/nsmyth/Dev/Alkemio/client-web/src/components/composite/layout/App/Footer.tsx", "TypeScript React", 0, 105, 0, 0, 0, 0, 0, 5, 110
"/home/nsmyth/Dev/Alkemio/client-web/src/components/composite/layout/App/Header.tsx", "TypeScript React", 0, 100, 0, 0, 0, 0, 1, 10, 111
"/home/nsmyth/Dev/Alkemio/client-web/src/components/composite/layout/App/Main.tsx", "TypeScript React", 0, 19, 0, 0, 0, 0, 0, 5, 24
"/home/nsmyth/Dev/Alkemio/client-web/src/components/composite/layout/AuthenticationLayout.tsx", "TypeScript React", 0, 32, 0, 0, 0, 0, 0, 4, 36
"/home/nsmyth/Dev/Alkemio/client-web/src/components/composite/layout/Sidebar/Sidebar.tsx", "TypeScript React", 0, 171, 0, 0, 0, 0, 2, 6, 179
"/home/nsmyth/Dev/Alkemio/client-web/src/components/composite/layout/Sidebar/SidebarItem.tsx", "TypeScript React", 0, 71, 0, 0, 0, 0, 0, 4, 75
"/home/nsmyth/Dev/Alkemio/client-web/src/components/composite/layout/Sidebar/SidebarItemEcoverse.tsx", "TypeScript React", 0, 70, 0, 0, 0, 0, 0, 5, 75
"/home/nsmyth/Dev/Alkemio/client-web/src/components/core/Avatar.tsx", "TypeScript React", 0, 147, 0, 0, 0, 0, 1, 10, 158
"/home/nsmyth/Dev/Alkemio/client-web/src/components/core/AvatarContainer.tsx", "TypeScript React", 0, 66, 0, 0, 0, 0, 0, 9, 75
"/home/nsmyth/Dev/Alkemio/client-web/src/components/core/Backdrop.tsx", "TypeScript React", 0, 18, 0, 0, 0, 0, 0, 5, 23
"/home/nsmyth/Dev/Alkemio/client-web/src/components/core/Breadcrumbs.tsx", "TypeScript React", 0, 51, 0, 0, 0, 0, 0, 6, 57
"/home/nsmyth/Dev/Alkemio/client-web/src/components/core/Button.tsx", "TypeScript React", 0, 141, 0, 0, 0, 0, 3, 20, 164
"/home/nsmyth/Dev/Alkemio/client-web/src/components/core/Card.tsx", "TypeScript React", 0, 340, 0, 0, 0, 0, 1, 41, 382
"/home/nsmyth/Dev/Alkemio/client-web/src/components/core/CardContainer.tsx", "TypeScript React", 0, 92, 0, 0, 0, 0, 0, 7, 99
"/home/nsmyth/Dev/Alkemio/client-web/src/components/core/CircleTag.tsx", "TypeScript React", 0, 53, 0, 0, 0, 0, 0, 6, 59
"/home/nsmyth/Dev/Alkemio/client-web/src/components/core/ConditionalLink.tsx", "TypeScript React", 0, 16, 0, 0, 0, 0, 0, 3, 19
"/home/nsmyth/Dev/Alkemio/client-web/src/components/core/Delimiter.tsx", "TypeScript React", 0, 31, 0, 0, 0, 0, 0, 5, 36
"/home/nsmyth/Dev/Alkemio/client-web/src/components/core/Divider.tsx", "TypeScript React", 0, 61, 0, 0, 0, 0, 0, 4, 65
"/home/nsmyth/Dev/Alkemio/client-web/src/components/core/ErrorBlock.tsx", "TypeScript React", 0, 20, 0, 0, 0, 0, 0, 2, 22
"/home/nsmyth/Dev/Alkemio/client-web/src/components/core/Hidden.tsx", "TypeScript React", 0, 53, 0, 0, 0, 0, 1, 9, 63
"/home/nsmyth/Dev/Alkemio/client-web/src/components/core/Icon.tsx", "TypeScript React", 0, 39, 0, 0, 0, 0, 2, 7, 48
"/home/nsmyth/Dev/Alkemio/client-web/src/components/core/IconButton.tsx", "TypeScript React", 0, 85, 0, 0, 0, 0, 3, 14, 102
"/home/nsmyth/Dev/Alkemio/client-web/src/components/core/Image.tsx", "TypeScript React", 0, 56, 0, 0, 0, 0, 0, 7, 63
"/home/nsmyth/Dev/Alkemio/client-web/src/components/core/Lifecycle.tsx", "TypeScript React", 0, 209, 0, 0, 0, 0, 6, 24, 239
"/home/nsmyth/Dev/Alkemio/client-web/src/components/core/LifecycleButton.tsx", "TypeScript React", 0, 9, 0, 0, 0, 0, 0, 3, 12
"/home/nsmyth/Dev/Alkemio/client-web/src/components/core/Loading/Loading.spec.tsx", "TypeScript React", 0, 20, 0, 0, 0, 0, 9, 10, 39
"/home/nsmyth/Dev/Alkemio/client-web/src/components/core/Loading/Loading.styles.ts", "TypeScript", 16, 0, 0, 0, 0, 0, 0, 2, 18
"/home/nsmyth/Dev/Alkemio/client-web/src/components/core/Loading/Loading.tsx", "TypeScript React", 0, 19, 0, 0, 0, 0, 0, 4, 23
"/home/nsmyth/Dev/Alkemio/client-web/src/components/core/Markdown.tsx", "TypeScript React", 0, 8, 0, 0, 0, 0, 1, 4, 13
"/home/nsmyth/Dev/Alkemio/client-web/src/components/core/MultipleSelect.tsx", "TypeScript React", 0, 309, 0, 0, 0, 0, 3, 26, 338
"/home/nsmyth/Dev/Alkemio/client-web/src/components/core/RemoveModal.spec.tsx", "TypeScript React", 0, 50, 0, 0, 0, 0, 15, 17, 82
"/home/nsmyth/Dev/Alkemio/client-web/src/components/core/RemoveModal.tsx", "TypeScript React", 0, 27, 0, 0, 0, 0, 0, 4, 31
"/home/nsmyth/Dev/Alkemio/client-web/src/components/core/Required.tsx", "TypeScript React", 0, 4, 0, 0, 0, 0, 0, 2, 6
"/home/nsmyth/Dev/Alkemio/client-web/src/components/core/ScrollButton/ScrollButton.tsx", "TypeScript React", 0, 35, 0, 0, 0, 0, 0, 7, 42
"/home/nsmyth/Dev/Alkemio/client-web/src/components/core/Section.tsx", "TypeScript React", 0, 232, 0, 0, 0, 0, 0, 24, 256
"/home/nsmyth/Dev/Alkemio/client-web/src/components/core/Spacer.tsx", "TypeScript React", 0, 17, 0, 0, 0, 0, 0, 5, 22
"/home/nsmyth/Dev/Alkemio/client-web/src/components/core/Spinner.tsx", "TypeScript React", 0, 14, 0, 0, 0, 0, 1, 5, 20
"/home/nsmyth/Dev/Alkemio/client-web/src/components/core/Tag.spec.tsx", "TypeScript React", 0, 10, 0, 0, 0, 0, 3, 4, 17
"/home/nsmyth/Dev/Alkemio/client-web/src/components/core/Tag.tsx", "TypeScript React", 0, 53, 0, 0, 0, 0, 0, 6, 59
"/home/nsmyth/Dev/Alkemio/client-web/src/components/core/TagContainer.tsx", "TypeScript React", 0, 21, 0, 0, 0, 0, 0, 6, 27
"/home/nsmyth/Dev/Alkemio/client-web/src/components/core/TagsInput/TagsInput.tsx", "TypeScript React", 0, 42, 0, 0, 0, 0, 1, 5, 48
"/home/nsmyth/Dev/Alkemio/client-web/src/components/core/TextInput.spec.tsx", "TypeScript React", 0, 59, 0, 0, 0, 0, 19, 20, 98
"/home/nsmyth/Dev/Alkemio/client-web/src/components/core/TextInput.tsx", "TypeScript React", 0, 159, 0, 0, 0, 0, 0, 18, 177
"/home/nsmyth/Dev/Alkemio/client-web/src/components/core/Thumbnail.tsx", "TypeScript React", 0, 29, 0, 0, 0, 0, 0, 5, 34
"/home/nsmyth/Dev/Alkemio/client-web/src/components/core/Toolbar.spec.tsx", "TypeScript React", 0, 10, 0, 0, 0, 0, 3, 4, 17
"/home/nsmyth/Dev/Alkemio/client-web/src/components/core/Toolbar.tsx", "TypeScript React", 0, 48, 0, 0, 0, 0, 1, 6, 55
"/home/nsmyth/Dev/Alkemio/client-web/src/components/core/Typography.tsx", "TypeScript React", 0, 139, 0, 0, 0, 0, 1, 12, 152
"/home/nsmyth/Dev/Alkemio/client-web/src/components/core/UploadButton.tsx", "TypeScript React", 0, 30, 0, 0, 0, 0, 0, 7, 37
"/home/nsmyth/Dev/Alkemio/client-web/src/components/core/card-filter/CardFilter.tsx", "TypeScript React", 0, 66, 0, 0, 0, 0, 0, 9, 75
"/home/nsmyth/Dev/Alkemio/client-web/src/components/core/card-filter/filterFn.spec.ts", "TypeScript", 293, 0, 0, 0, 0, 0, 7, 5, 305
"/home/nsmyth/Dev/Alkemio/client-web/src/components/core/card-filter/filterFn.ts", "TypeScript", 42, 0, 0, 0, 0, 0, 1, 9, 52
"/home/nsmyth/Dev/Alkemio/client-web/src/components/core/card-filter/most-common-tags.spec.ts", "TypeScript", 33, 0, 0, 0, 0, 0, 4, 5, 42
"/home/nsmyth/Dev/Alkemio/client-web/src/components/core/card-filter/most-common-tags.ts", "TypeScript", 23, 0, 0, 0, 0, 0, 1, 5, 29
"/home/nsmyth/Dev/Alkemio/client-web/src/components/core/dialog/DialogActions.ts", "TypeScript", 10, 0, 0, 0, 0, 0, 0, 2, 12
"/home/nsmyth/Dev/Alkemio/client-web/src/components/core/dialog/DialogContent.ts", "TypeScript", 8, 0, 0, 0, 0, 0, 0, 2, 10
"/home/nsmyth/Dev/Alkemio/client-web/src/components/core/dialog/DialogTitle.tsx", "TypeScript React", 0, 38, 0, 0, 0, 0, 0, 4, 42
"/home/nsmyth/Dev/Alkemio/client-web/src/components/core/dialog/index.ts", "TypeScript", 4, 0, 0, 0, 0, 0, 0, 1, 5
"/home/nsmyth/Dev/Alkemio/client-web/src/components/core/index.tsx", "TypeScript React", 0, 3, 0, 0, 0, 0, 0, 1, 4
"/home/nsmyth/Dev/Alkemio/client-web/src/components/icons/FontDownloadIcon.tsx", "TypeScript React", 0, 10, 0, 0, 0, 0, 0, 2, 12
"/home/nsmyth/Dev/Alkemio/client-web/src/components/icons/FontDownloadOffIcon.tsx", "TypeScript React", 0, 10, 0, 0, 0, 0, 0, 2, 12
"/home/nsmyth/Dev/Alkemio/client-web/src/components/search/ChallengeSearchCard.tsx", "TypeScript React", 0, 38, 0, 0, 0, 0, 1, 6, 45
"/home/nsmyth/Dev/Alkemio/client-web/src/components/search/EntitySearchCardProps.ts", "TypeScript", 5, 0, 0, 0, 0, 0, 0, 1, 6
"/home/nsmyth/Dev/Alkemio/client-web/src/components/search/OpportunitySearchCard.tsx", "TypeScript React", 0, 38, 0, 0, 0, 0, 1, 6, 45
"/home/nsmyth/Dev/Alkemio/client-web/src/components/search/OrganizationSearchCard.tsx", "TypeScript React", 0, 110, 0, 0, 0, 0, 0, 8, 118
"/home/nsmyth/Dev/Alkemio/client-web/src/components/search/PopUp.tsx", "TypeScript React", 0, 111, 0, 0, 0, 0, 0, 7, 118
"/home/nsmyth/Dev/Alkemio/client-web/src/components/search/SearchCard.tsx", "TypeScript React", 0, 75, 0, 0, 0, 0, 0, 8, 83
"/home/nsmyth/Dev/Alkemio/client-web/src/components/search/UserCard.tsx", "TypeScript React", 0, 97, 0, 0, 0, 0, 0, 10, 107
"/home/nsmyth/Dev/Alkemio/client-web/src/components/search/index.ts", "TypeScript", 4, 0, 0, 0, 0, 0, 0, 1, 5
"/home/nsmyth/Dev/Alkemio/client-web/src/config/graphql/typePolicies.ts", "TypeScript", 35, 0, 0, 0, 0, 0, 0, 2, 37
"/home/nsmyth/Dev/Alkemio/client-web/src/containers/ErrorBoundary.tsx", "TypeScript React", 0, 28, 0, 0, 0, 0, 4, 4, 36
"/home/nsmyth/Dev/Alkemio/client-web/src/containers/NotificationHandler.tsx", "TypeScript React", 0, 38, 0, 0, 0, 0, 0, 5, 43
"/home/nsmyth/Dev/Alkemio/client-web/src/containers/community-updates/CommunityUpdates.graphql", "GraphQL", 0, 0, 0, 0, 18, 0, 0, 2, 20
"/home/nsmyth/Dev/Alkemio/client-web/src/containers/community-updates/CommunityUpdates.tsx", "TypeScript React", 0, 55, 0, 0, 0, 0, 0, 9, 64
"/home/nsmyth/Dev/Alkemio/client-web/src/containers/organization/OrganizationMembers.graphql", "GraphQL", 0, 0, 0, 0, 32, 0, 0, 5, 37
"/home/nsmyth/Dev/Alkemio/client-web/src/containers/organization/OrganizationMembers.tsx", "TypeScript React", 0, 231, 0, 0, 0, 0, 0, 23, 254
"/home/nsmyth/Dev/Alkemio/client-web/src/context/ApolloProvider.tsx", "TypeScript React", 0, 11, 0, 0, 0, 0, 0, 3, 14
"/home/nsmyth/Dev/Alkemio/client-web/src/context/AuthenticationProvider.tsx", "TypeScript React", 0, 30, 0, 0, 0, 0, 0, 6, 36
"/home/nsmyth/Dev/Alkemio/client-web/src/context/AvatarsProvider.tsx", "TypeScript React", 0, 21, 0, 0, 0, 0, 0, 6, 27
"/home/nsmyth/Dev/Alkemio/client-web/src/context/ConfigProvider.tsx", "TypeScript React", 0, 67, 0, 0, 0, 0, 1, 9, 77
"/home/nsmyth/Dev/Alkemio/client-web/src/context/EcoverseProvider.tsx", "TypeScript React", 0, 43, 0, 0, 0, 0, 1, 8, 52
"/home/nsmyth/Dev/Alkemio/client-web/src/context/GlobalStateProvider.tsx", "TypeScript React", 0, 47, 0, 0, 0, 0, 0, 4, 51
"/home/nsmyth/Dev/Alkemio/client-web/src/context/NavigationProvider.tsx", "TypeScript React", 0, 28, 0, 0, 0, 0, 1, 7, 36
"/home/nsmyth/Dev/Alkemio/client-web/src/context/OrganizationProvider.tsx", "TypeScript React", 0, 36, 0, 0, 0, 0, 0, 5, 41
"/home/nsmyth/Dev/Alkemio/client-web/src/context/SentryErrorBoundaryProvider.tsx", "TypeScript React", 0, 11, 0, 0, 0, 0, 0, 3, 14
"/home/nsmyth/Dev/Alkemio/client-web/src/context/ThemeProvider.tsx", "TypeScript React", 0, 7, 0, 0, 0, 0, 1, 3, 11
"/home/nsmyth/Dev/Alkemio/client-web/src/context/UserProvider.tsx", "TypeScript React", 0, 69, 0, 0, 0, 0, 0, 9, 78
"/home/nsmyth/Dev/Alkemio/client-web/src/hooks/authentication/useAuthenticate.ts", "TypeScript", 14, 0, 0, 0, 0, 0, 0, 5, 19
"/home/nsmyth/Dev/Alkemio/client-web/src/hooks/authentication/useAuthenticationContext.ts", "TypeScript", 5, 0, 0, 0, 0, 0, 0, 2, 7
"/home/nsmyth/Dev/Alkemio/client-web/src/hooks/generated/graphql.ts", "TypeScript", 5961, 0, 0, 0, 0, 0, 2319, 142, 8422
"/home/nsmyth/Dev/Alkemio/client-web/src/hooks/graphql/useApolloErrorHandler.ts", "TypeScript", 16, 0, 0, 0, 0, 0, 0, 3, 19
"/home/nsmyth/Dev/Alkemio/client-web/src/hooks/graphql/useGraphQLClient.ts", "TypeScript", 79, 0, 0, 0, 0, 0, 11, 13, 103
"/home/nsmyth/Dev/Alkemio/client-web/src/hooks/index.ts", "TypeScript", 22, 0, 0, 0, 0, 0, 0, 4, 26
"/home/nsmyth/Dev/Alkemio/client-web/src/hooks/kratos/useKratosClient.ts", "TypeScript", 14, 0, 0, 0, 0, 0, 0, 4, 18
"/home/nsmyth/Dev/Alkemio/client-web/src/hooks/kratos/useWhoami.ts", "TypeScript", 39, 0, 0, 0, 0, 0, 0, 5, 44
"/home/nsmyth/Dev/Alkemio/client-web/src/hooks/operations/useDeleteUserGroup.ts", "TypeScript", 45, 0, 0, 0, 0, 0, 0, 8, 53
"/home/nsmyth/Dev/Alkemio/client-web/src/hooks/operations/useEditReference.ts", "TypeScript", 104, 0, 0, 0, 0, 0, 0, 13, 117
"/home/nsmyth/Dev/Alkemio/client-web/src/hooks/useAvailableMembers.ts", "TypeScript", 55, 0, 0, 0, 0, 0, 9, 6, 70
"/home/nsmyth/Dev/Alkemio/client-web/src/hooks/useConfig.ts", "TypeScript", 17, 0, 0, 0, 0, 0, 0, 3, 20
"/home/nsmyth/Dev/Alkemio/client-web/src/hooks/useCredentialsResolver.ts", "TypeScript", 20, 0, 0, 0, 0, 0, 8, 7, 35
"/home/nsmyth/Dev/Alkemio/client-web/src/hooks/useEcoverse.ts", "TypeScript", 11, 0, 0, 0, 0, 0, 0, 2, 13
"/home/nsmyth/Dev/Alkemio/client-web/src/hooks/useGlobalState.ts", "TypeScript", 9, 0, 0, 0, 0, 0, 0, 2, 11
"/home/nsmyth/Dev/Alkemio/client-web/src/hooks/useNavigateToEdit.ts", "TypeScript", 13, 0, 0, 0, 0, 0, 0, 3, 16
"/home/nsmyth/Dev/Alkemio/client-web/src/hooks/useNavigation.ts", "TypeScript", 11, 0, 0, 0, 0, 0, 0, 4, 15
"/home/nsmyth/Dev/Alkemio/client-web/src/hooks/useNotification.ts", "TypeScript", 18, 0, 0, 0, 0, 0, 0, 3, 21
"/home/nsmyth/Dev/Alkemio/client-web/src/hooks/useOrganization.ts", "TypeScript", 11, 0, 0, 0, 0, 0, 0, 2, 13
"/home/nsmyth/Dev/Alkemio/client-web/src/hooks/useQueryParams.ts", "TypeScript", 4, 0, 0, 0, 0, 0, 0, 2, 6
"/home/nsmyth/Dev/Alkemio/client-web/src/hooks/useSentry.ts", "TypeScript", 15, 0, 0, 0, 0, 0, 0, 4, 19
"/home/nsmyth/Dev/Alkemio/client-web/src/hooks/useTheme.ts", "TypeScript", 4, 0, 0, 0, 0, 0, 1, 3, 8
"/home/nsmyth/Dev/Alkemio/client-web/src/hooks/user/useUserContext.ts", "TypeScript", 6, 0, 0, 0, 0, 0, 0, 3, 9
"/home/nsmyth/Dev/Alkemio/client-web/src/hooks/user/useUserMetadata.ts", "TypeScript", 18, 0, 0, 0, 0, 0, 1, 3, 22
"/home/nsmyth/Dev/Alkemio/client-web/src/hooks/user/useUserMetadataWrapper.ts", "TypeScript", 85, 0, 0, 0, 0, 0, 0, 12, 97
"/home/nsmyth/Dev/Alkemio/client-web/src/i18n/config.ts", "TypeScript", 14, 0, 0, 0, 0, 0, 0, 4, 18
"/home/nsmyth/Dev/Alkemio/client-web/src/i18n/en/translation.en.json", "JSON", 0, 0, 0, 0, 0, 641, 0, 1, 642
"/home/nsmyth/Dev/Alkemio/client-web/src/index.tsx", "TypeScript React", 0, 5, 0, 0, 0, 0, 0, 2, 7
"/home/nsmyth/Dev/Alkemio/client-web/src/models/Group.ts", "TypeScript", 9, 0, 0, 0, 0, 0, 0, 2, 11
"/home/nsmyth/Dev/Alkemio/client-web/src/models/Profile.ts", "TypeScript", 11, 0, 0, 0, 0, 0, 0, 2, 13
"/home/nsmyth/Dev/Alkemio/client-web/src/models/Role.ts", "TypeScript", 9, 0, 0, 0, 0, 0, 0, 2, 11
"/home/nsmyth/Dev/Alkemio/client-web/src/models/User.ts", "TypeScript", 80, 0, 0, 0, 0, 0, 3, 5, 88
"/home/nsmyth/Dev/Alkemio/client-web/src/models/apollo-helpers.ts", "TypeScript", 1258, 0, 0, 0, 0, 0, 0, 1, 1259
"/home/nsmyth/Dev/Alkemio/client-web/src/models/constants/authentication.constants.ts", "TypeScript", 6, 0, 0, 0, 0, 0, 0, 1, 7
"/home/nsmyth/Dev/Alkemio/client-web/src/models/constants/common.constants.ts", "TypeScript", 12, 0, 0, 0, 0, 0, 0, 5, 17
"/home/nsmyth/Dev/Alkemio/client-web/src/models/constants/configuration.constants.ts", "TypeScript", 1, 0, 0, 0, 0, 0, 0, 1, 2
"/home/nsmyth/Dev/Alkemio/client-web/src/models/constants/countries.constants.ts", "TypeScript", 249, 0, 0, 0, 0, 0, 0, 2, 251
"/home/nsmyth/Dev/Alkemio/client-web/src/models/constants/erros.constants.ts", "TypeScript", 21, 0, 0, 0, 0, 0, 0, 1, 22
"/home/nsmyth/Dev/Alkemio/client-web/src/models/constants/features.constants.ts", "TypeScript", 2, 0, 0, 0, 0, 0, 0, 1, 3
"/home/nsmyth/Dev/Alkemio/client-web/src/models/constants/field-length.constants.ts", "TypeScript", 6, 0, 0, 0, 0, 0, 0, 1, 7
"/home/nsmyth/Dev/Alkemio/client-web/src/models/constants/index.ts", "TypeScript", 5, 0, 0, 0, 0, 0, 0, 1, 6
"/home/nsmyth/Dev/Alkemio/client-web/src/models/graphql-schema.ts", "TypeScript", 4402, 0, 0, 0, 0, 0, 425, 563, 5390
"/home/nsmyth/Dev/Alkemio/client-web/src/pages/About.tsx", "TypeScript React", 0, 94, 0, 0, 0, 0, 0, 7, 101
"/home/nsmyth/Dev/Alkemio/client-web/src/pages/Admin/AuthorizationPageProps.ts", "TypeScript", 5, 0, 0, 0, 0, 0, 0, 2, 7
"/home/nsmyth/Dev/Alkemio/client-web/src/pages/Admin/Challenge/ChallengeAuthorizationPage.tsx", "TypeScript React", 0, 83, 0, 0, 0, 0, 0, 11, 94
"/home/nsmyth/Dev/Alkemio/client-web/src/pages/Admin/Challenge/ChallengeList.tsx", "TypeScript React", 0, 47, 0, 0, 0, 0, 0, 8, 55
"/home/nsmyth/Dev/Alkemio/client-web/src/pages/Admin/Community/CommunityUpdatesPage.tsx", "TypeScript React", 0, 46, 0, 0, 0, 0, 0, 6, 52
"/home/nsmyth/Dev/Alkemio/client-web/src/pages/Admin/Ecoverse/EcoverseAuthorizationPage.tsx", "TypeScript React", 0, 83, 0, 0, 0, 0, 0, 11, 94
"/home/nsmyth/Dev/Alkemio/client-web/src/pages/Admin/Ecoverse/EcoverseList.tsx", "TypeScript React", 0, 42, 0, 0, 0, 0, 0, 7, 49
"/home/nsmyth/Dev/Alkemio/client-web/src/pages/Admin/Ecoverse/EditEcoverse.tsx", "TypeScript React", 0, 82, 0, 0, 0, 0, 0, 9, 91
"/home/nsmyth/Dev/Alkemio/client-web/src/pages/Admin/Ecoverse/NewEcoverse.tsx", "TypeScript React", 0, 94, 0, 0, 0, 0, 2, 10, 106
"/home/nsmyth/Dev/Alkemio/client-web/src/pages/Admin/GlobalAuthorizationPage.tsx", "TypeScript React", 0, 72, 0, 0, 0, 0, 0, 11, 83
"/home/nsmyth/Dev/Alkemio/client-web/src/pages/Admin/GlobalCommunityAuthorizationPage.tsx", "TypeScript React", 0, 72, 0, 0, 0, 0, 0, 11, 83
"/home/nsmyth/Dev/Alkemio/client-web/src/pages/Admin/Opportunity/OpportunityList.tsx", "TypeScript React", 0, 50, 0, 0, 0, 0, 0, 8, 58
"/home/nsmyth/Dev/Alkemio/client-web/src/pages/Admin/Organization/OrganizationAdminAuthorizationPage.tsx", "TypeScript React", 0, 47, 0, 0, 0, 0, 0, 7, 54
"/home/nsmyth/Dev/Alkemio/client-web/src/pages/Admin/Organization/OrganizationAuthorizationPageProps.ts", "TypeScript", 2, 0, 0, 0, 0, 0, 0, 2, 4
"/home/nsmyth/Dev/Alkemio/client-web/src/pages/Admin/Organization/OrganizationCommunityPage.tsx", "TypeScript React", 0, 39, 0, 0, 0, 0, 0, 7, 46
"/home/nsmyth/Dev/Alkemio/client-web/src/pages/Admin/Organization/OrganizationOwnerAuthorizationPage.tsx", "TypeScript React", 0, 47, 0, 0, 0, 0, 0, 7, 54
"/home/nsmyth/Dev/Alkemio/client-web/src/pages/Admin/User/UserPage.tsx", "TypeScript React", 0, 161, 0, 0, 0, 0, 2, 22, 185
"/home/nsmyth/Dev/Alkemio/client-web/src/pages/ApplyPage.tsx", "TypeScript React", 0, 184, 0, 0, 0, 0, 1, 17, 202
"/home/nsmyth/Dev/Alkemio/client-web/src/pages/Authentication/AuthRequiredPage.tsx", "TypeScript React", 0, 43, 0, 0, 0, 0, 0, 4, 47
"/home/nsmyth/Dev/Alkemio/client-web/src/pages/Authentication/LoginPage.tsx", "TypeScript React", 0, 78, 0, 0, 0, 0, 0, 10, 88
"/home/nsmyth/Dev/Alkemio/client-web/src/pages/Authentication/LoginSuccessPage.tsx", "TypeScript React", 0, 18, 0, 0, 0, 0, 0, 4, 22
"/home/nsmyth/Dev/Alkemio/client-web/src/pages/Authentication/LogoutPage.tsx", "TypeScript React", 0, 16, 0, 0, 0, 0, 0, 6, 22
"/home/nsmyth/Dev/Alkemio/client-web/src/pages/Authentication/RecoveryPage.tsx", "TypeScript React", 0, 52, 0, 0, 0, 0, 0, 6, 58
"/home/nsmyth/Dev/Alkemio/client-web/src/pages/Authentication/RegistrationPage.tsx", "TypeScript React", 0, 73, 0, 0, 0, 0, 0, 8, 81
"/home/nsmyth/Dev/Alkemio/client-web/src/pages/Authentication/RegistrationSuccessPage.tsx", "TypeScript React", 0, 77, 0, 0, 0, 0, 0, 6, 83
"/home/nsmyth/Dev/Alkemio/client-web/src/pages/Authentication/SettingsPage.tsx", "TypeScript React", 0, 56, 0, 0, 0, 0, 0, 7, 63
"/home/nsmyth/Dev/Alkemio/client-web/src/pages/Authentication/VerificationPage.tsx", "TypeScript React", 0, 56, 0, 0, 0, 0, 0, 7, 63
"/home/nsmyth/Dev/Alkemio/client-web/src/pages/Authentication/VerificationSuccessPage.tsx", "TypeScript React", 0, 28, 0, 0, 0, 0, 0, 4, 32
"/home/nsmyth/Dev/Alkemio/client-web/src/pages/Challenge.tsx", "TypeScript React", 0, 363, 0, 0, 0, 0, 0, 24, 387
"/home/nsmyth/Dev/Alkemio/client-web/src/pages/Ecoverse.tsx", "TypeScript React", 0, 279, 0, 0, 0, 0, 7, 22, 308
"/home/nsmyth/Dev/Alkemio/client-web/src/pages/Error.tsx", "TypeScript React", 0, 37, 0, 0, 0, 0, 0, 4, 41
"/home/nsmyth/Dev/Alkemio/client-web/src/pages/FourOuFour.css", "CSS", 0, 0, 0, 3, 0, 0, 0, 0, 3
"/home/nsmyth/Dev/Alkemio/client-web/src/pages/FourOuFour.tsx", "TypeScript React", 0, 24, 0, 0, 0, 0, 0, 3, 27
"/home/nsmyth/Dev/Alkemio/client-web/src/pages/Messages.tsx", "TypeScript React", 0, 266, 0, 0, 0, 0, 1, 22, 289
"/home/nsmyth/Dev/Alkemio/client-web/src/pages/Opportunity.tsx", "TypeScript React", 0, 472, 0, 0, 0, 0, 1, 26, 499
"/home/nsmyth/Dev/Alkemio/client-web/src/pages/ProfilePage.tsx", "TypeScript React", 0, 11, 0, 0, 0, 0, 0, 4, 15
"/home/nsmyth/Dev/Alkemio/client-web/src/pages/Project/Index.tsx", "TypeScript React", 0, 57, 0, 0, 0, 0, 0, 8, 65
"/home/nsmyth/Dev/Alkemio/client-web/src/pages/Project/New.tsx", "TypeScript React", 0, 132, 0, 0, 0, 0, 0, 9, 141
"/home/nsmyth/Dev/Alkemio/client-web/src/pages/Restricted.tsx", "TypeScript React", 0, 26, 0, 0, 0, 0, 0, 4, 30
"/home/nsmyth/Dev/Alkemio/client-web/src/pages/SearchPage.tsx", "TypeScript React", 0, 208, 0, 0, 0, 0, 1, 16, 225
"/home/nsmyth/Dev/Alkemio/client-web/src/pages/User/EditUserProfilePage.tsx", "TypeScript React", 0, 87, 0, 0, 0, 0, 3, 15, 105
"/home/nsmyth/Dev/Alkemio/client-web/src/pages/User/UserProfilePage.tsx", "TypeScript React", 0, 23, 0, 0, 0, 0, 0, 11, 34
"/home/nsmyth/Dev/Alkemio/client-web/src/pages/common.ts", "TypeScript", 4, 0, 0, 0, 0, 0, 0, 2, 6
"/home/nsmyth/Dev/Alkemio/client-web/src/pages/home/EcoversesSection.tsx", "TypeScript React", 0, 58, 0, 0, 0, 0, 0, 5, 63
"/home/nsmyth/Dev/Alkemio/client-web/src/pages/home/Home.tsx", "TypeScript React", 0, 27, 0, 0, 0, 0, 0, 5, 32
"/home/nsmyth/Dev/Alkemio/client-web/src/pages/home/WelcomeSection.tsx", "TypeScript React", 0, 165, 0, 0, 0, 0, 0, 5, 170
"/home/nsmyth/Dev/Alkemio/client-web/src/pages/index.ts", "TypeScript", 10, 0, 0, 0, 0, 0, 0, 1, 11
"/home/nsmyth/Dev/Alkemio/client-web/src/pages/organization/CardProps.ts", "TypeScript", 4, 0, 0, 0, 0, 0, 0, 1, 5
"/home/nsmyth/Dev/Alkemio/client-web/src/pages/organization/HostedEcoverseCard.tsx", "TypeScript React", 0, 40, 0, 0, 0, 0, 0, 5, 45
"/home/nsmyth/Dev/Alkemio/client-web/src/pages/organization/InfoSection.tsx", "TypeScript React", 0, 59, 0, 0, 0, 0, 0, 6, 65
"/home/nsmyth/Dev/Alkemio/client-web/src/pages/organization/LeadingChallengeCard.tsx", "TypeScript React", 0, 36, 0, 0, 0, 0, 0, 5, 41
"/home/nsmyth/Dev/Alkemio/client-web/src/pages/organization/MembershipSection.tsx", "TypeScript React", 0, 55, 0, 0, 0, 0, 0, 8, 63
"/home/nsmyth/Dev/Alkemio/client-web/src/pages/organization/OrganizationPage.tsx", "TypeScript React", 0, 129, 0, 0, 0, 0, 0, 9, 138
"/home/nsmyth/Dev/Alkemio/client-web/src/pages/organization/UserSection.tsx", "TypeScript React", 0, 64, 0, 0, 0, 0, 0, 7, 71
"/home/nsmyth/Dev/Alkemio/client-web/src/react-app-env.d.ts", "TypeScript", 0, 0, 0, 0, 0, 0, 1, 1, 2
"/home/nsmyth/Dev/Alkemio/client-web/src/root.tsx", "TypeScript React", 0, 84, 0, 0, 0, 0, 0, 4, 88
"/home/nsmyth/Dev/Alkemio/client-web/src/routing/ScrollToTop.tsx", "TypeScript React", 0, 9, 0, 0, 0, 0, 3, 5, 17
"/home/nsmyth/Dev/Alkemio/client-web/src/routing/admin/ApplicationRoute.tsx", "TypeScript React", 0, 27, 0, 0, 0, 0, 0, 4, 31
"/home/nsmyth/Dev/Alkemio/client-web/src/routing/admin/AuthorizationRouteProps.ts", "TypeScript", 5, 0, 0, 0, 0, 0, 0, 2, 7
"/home/nsmyth/Dev/Alkemio/client-web/src/routing/admin/GlobalAuthorizationRoute.tsx", "TypeScript React", 0, 24, 0, 0, 0, 0, 0, 3, 27
"/home/nsmyth/Dev/Alkemio/client-web/src/routing/admin/GroupRoute.tsx", "TypeScript React", 0, 32, 0, 0, 0, 0, 0, 5, 37
"/home/nsmyth/Dev/Alkemio/client-web/src/routing/admin/admin.tsx", "TypeScript React", 0, 43, 0, 0, 0, 0, 0, 4, 47
"/home/nsmyth/Dev/Alkemio/client-web/src/routing/admin/challenge/ChallengeApplicationRoute.tsx", "TypeScript React", 0, 24, 0, 0, 0, 0, 0, 7, 31
"/home/nsmyth/Dev/Alkemio/client-web/src/routing/admin/challenge/ChallengeAuthorizationRoute.tsx", "TypeScript React", 0, 20, 0, 0, 0, 0, 0, 3, 23
"/home/nsmyth/Dev/Alkemio/client-web/src/routing/admin/challenge/ChallengeLifecycleRoute.tsx", "TypeScript React", 0, 38, 0, 0, 0, 0, 0, 11, 49
"/home/nsmyth/Dev/Alkemio/client-web/src/routing/admin/challenge/challenge.tsx", "TypeScript React", 0, 100, 0, 0, 0, 0, 0, 10, 110
"/home/nsmyth/Dev/Alkemio/client-web/src/routing/admin/community.tsx", "TypeScript React", 0, 88, 0, 0, 0, 0, 0, 11, 99
"/home/nsmyth/Dev/Alkemio/client-web/src/routing/admin/ecoverse/EcoverseApplicationRoute.tsx", "TypeScript React", 0, 22, 0, 0, 0, 0, 0, 6, 28
"/home/nsmyth/Dev/Alkemio/client-web/src/routing/admin/ecoverse/EcoverseAuthorizationRoute.tsx", "TypeScript React", 0, 20, 0, 0, 0, 0, 0, 3, 23
"/home/nsmyth/Dev/Alkemio/client-web/src/routing/admin/ecoverse/EcoverseGroupRoute.tsx", "TypeScript React", 0, 28, 0, 0, 0, 0, 0, 6, 34
"/home/nsmyth/Dev/Alkemio/client-web/src/routing/admin/ecoverse/ecoverse.tsx", "TypeScript React", 0, 92, 0, 0, 0, 0, 0, 8, 100
"/home/nsmyth/Dev/Alkemio/client-web/src/routing/admin/opportunity/OpportunityLifecycleRoute.tsx", "TypeScript React", 0, 39, 0, 0, 0, 0, 0, 11, 50
"/home/nsmyth/Dev/Alkemio/client-web/src/routing/admin/opportunity/opportunity.tsx", "TypeScript React", 0, 105, 0, 0, 0, 0, 0, 10, 115
"/home/nsmyth/Dev/Alkemio/client-web/src/routing/admin/organization/OrganizationAuthorizationRoute.tsx", "TypeScript React", 0, 25, 0, 0, 0, 0, 0, 4, 29
"/home/nsmyth/Dev/Alkemio/client-web/src/routing/admin/organization/OrganizationGroupRoute.tsx", "TypeScript React", 0, 29, 0, 0, 0, 0, 0, 6, 35
"/home/nsmyth/Dev/Alkemio/client-web/src/routing/admin/organization/organization.tsx", "TypeScript React", 0, 139, 0, 0, 0, 0, 0, 20, 159
"/home/nsmyth/Dev/Alkemio/client-web/src/routing/admin/user.tsx", "TypeScript React", 0, 51, 0, 0, 0, 0, 1, 7, 59
"/home/nsmyth/Dev/Alkemio/client-web/src/routing/application/ApplyRoute.tsx", "TypeScript React", 0, 56, 0, 0, 0, 0, 0, 3, 59
"/home/nsmyth/Dev/Alkemio/client-web/src/routing/application/ChallengeApplyRoute.tsx", "TypeScript React", 0, 53, 0, 0, 0, 0, 2, 7, 62
"/home/nsmyth/Dev/Alkemio/client-web/src/routing/application/EcoverseApplyRoute.tsx", "TypeScript React", 0, 46, 0, 0, 0, 0, 1, 6, 53
"/home/nsmyth/Dev/Alkemio/client-web/src/routing/ecoverse.tsx", "TypeScript React", 0, 195, 0, 0, 0, 0, 2, 33, 230
"/home/nsmyth/Dev/Alkemio/client-web/src/routing/identity/error.tsx", "TypeScript React", 0, 34, 0, 0, 0, 0, 0, 6, 40
"/home/nsmyth/Dev/Alkemio/client-web/src/routing/identity/identity.tsx", "TypeScript React", 0, 57, 0, 0, 0, 0, 0, 5, 62
"/home/nsmyth/Dev/Alkemio/client-web/src/routing/identity/login.tsx", "TypeScript React", 0, 27, 0, 0, 0, 0, 0, 6, 33
"/home/nsmyth/Dev/Alkemio/client-web/src/routing/identity/logout.tsx", "TypeScript React", 0, 6, 0, 0, 0, 0, 0, 2, 8
"/home/nsmyth/Dev/Alkemio/client-web/src/routing/identity/recovery.tsx", "TypeScript React", 0, 14, 0, 0, 0, 0, 0, 5, 19
"/home/nsmyth/Dev/Alkemio/client-web/src/routing/identity/registration.tsx", "TypeScript React", 0, 22, 0, 0, 0, 0, 0, 3, 25
"/home/nsmyth/Dev/Alkemio/client-web/src/routing/identity/settings.tsx", "TypeScript React", 0, 13, 0, 0, 0, 0, 0, 4, 17
"/home/nsmyth/Dev/Alkemio/client-web/src/routing/identity/verify.tsx", "TypeScript React", 0, 22, 0, 0, 0, 0, 0, 4, 26
"/home/nsmyth/Dev/Alkemio/client-web/src/routing/messages.tsx", "TypeScript React", 0, 17, 0, 0, 0, 0, 0, 3, 20
"/home/nsmyth/Dev/Alkemio/client-web/src/routing/organization.tsx", "TypeScript React", 0, 33, 0, 0, 0, 0, 0, 6, 39
"/home/nsmyth/Dev/Alkemio/client-web/src/routing/project.tsx", "TypeScript React", 0, 85, 0, 0, 0, 0, 3, 13, 101
"/home/nsmyth/Dev/Alkemio/client-web/src/routing/restricted.tsx", "TypeScript React", 0, 14, 0, 0, 0, 0, 0, 4, 18
"/home/nsmyth/Dev/Alkemio/client-web/src/routing/route.extensions.tsx", "TypeScript React", 0, 34, 0, 0, 0, 0, 4, 11, 49
"/home/nsmyth/Dev/Alkemio/client-web/src/routing/routing.tsx", "TypeScript React", 0, 76, 0, 0, 0, 0, 0, 3, 79
"/home/nsmyth/Dev/Alkemio/client-web/src/routing/search.tsx", "TypeScript React", 0, 24, 0, 0, 0, 0, 2, 5, 31
"/home/nsmyth/Dev/Alkemio/client-web/src/routing/user/user.tsx", "TypeScript React", 0, 22, 0, 0, 0, 0, 0, 3, 25
"/home/nsmyth/Dev/Alkemio/client-web/src/serviceWorker.ts", "TypeScript", 96, 0, 0, 0, 0, 0, 33, 15, 144
"/home/nsmyth/Dev/Alkemio/client-web/src/services/logging/sentry/bootstrap.ts", "TypeScript", 14, 0, 0, 0, 0, 0, 0, 3, 17
"/home/nsmyth/Dev/Alkemio/client-web/src/services/logging/sentry/log.ts", "TypeScript", 27, 0, 0, 0, 0, 0, 1, 4, 32
"/home/nsmyth/Dev/Alkemio/client-web/src/services/logging/sentry/scope.ts", "TypeScript", 15, 0, 0, 0, 0, 0, 0, 4, 19
"/home/nsmyth/Dev/Alkemio/client-web/src/services/logging/winston/logger.ts", "TypeScript", 34, 0, 0, 0, 0, 0, 11, 9, 54
"/home/nsmyth/Dev/Alkemio/client-web/src/setupTests.ts", "TypeScript", 1, 0, 0, 0, 0, 0, 4, 1, 6
"/home/nsmyth/Dev/Alkemio/client-web/src/state/global/notifications/notificationMachine.ts", "TypeScript", 43, 0, 0, 0, 0, 0, 0, 6, 49
"/home/nsmyth/Dev/Alkemio/client-web/src/state/global/ui/loginNavigationMachine.ts", "TypeScript", 28, 0, 0, 0, 0, 0, 0, 4, 32
"/home/nsmyth/Dev/Alkemio/client-web/src/state/global/ui/userSegmentMachine.ts", "TypeScript", 26, 0, 0, 0, 0, 0, 0, 4, 30
"/home/nsmyth/Dev/Alkemio/client-web/src/styles/_functions.scss", "SCSS", 0, 0, 95, 0, 0, 0, 24, 26, 145
"/home/nsmyth/Dev/Alkemio/client-web/src/styles/_mixins.scss", "SCSS", 0, 0, 2, 0, 0, 0, 5, 4, 11
"/home/nsmyth/Dev/Alkemio/client-web/src/styles/_reboot.scss", "SCSS", 0, 0, 244, 0, 0, 0, 131, 78, 453
"/home/nsmyth/Dev/Alkemio/client-web/src/styles/_root.scss", "SCSS", 0, 0, 13, 0, 0, 0, 3, 4, 20
"/home/nsmyth/Dev/Alkemio/client-web/src/styles/_type.scss", "SCSS", 0, 0, 82, 0, 0, 0, 20, 24, 126
"/home/nsmyth/Dev/Alkemio/client-web/src/styles/_variables.scss", "SCSS", 0, 0, 779, 0, 0, 0, 95, 273, 1147
"/home/nsmyth/Dev/Alkemio/client-web/src/styles/index.scss", "SCSS", 0, 0, 7, 0, 0, 0, 2, 1, 10
"/home/nsmyth/Dev/Alkemio/client-web/src/styles/mixins/_hover.scss", "SCSS", 0, 0, 23, 0, 0, 0, 10, 5, 38
"/home/nsmyth/Dev/Alkemio/client-web/src/styles/mixins/_lists.scss", "SCSS", 0, 0, 4, 0, 0, 0, 2, 2, 8
"/home/nsmyth/Dev/Alkemio/client-web/src/styles/vendor/_rfs.scss", "SCSS", 0, 0, 126, 0, 0, 0, 43, 36, 205
"/home/nsmyth/Dev/Alkemio/client-web/src/themes/default/defaults.ts", "TypeScript", 64, 0, 0, 0, 0, 0, 0, 6, 70
"/home/nsmyth/Dev/Alkemio/client-web/src/themes/default/index.ts", "TypeScript", 4, 0, 0, 0, 0, 0, 0, 2, 6
"/home/nsmyth/Dev/Alkemio/client-web/src/themes/default/overrides/button.ts", "TypeScript", 106, 0, 0, 0, 0, 0, 0, 14, 120
"/home/nsmyth/Dev/Alkemio/client-web/src/themes/default/overrides/chip.ts", "TypeScript", 22, 0, 0, 0, 0, 0, 1, 3, 26
"/home/nsmyth/Dev/Alkemio/client-web/src/themes/default/overrides/dialog.ts", "TypeScript", 16, 0, 0, 0, 0, 0, 0, 2, 18
"/home/nsmyth/Dev/Alkemio/client-web/src/themes/default/overrides/icon.ts", "TypeScript", 14, 0, 0, 0, 0, 0, 0, 2, 16
"/home/nsmyth/Dev/Alkemio/client-web/src/themes/default/palette.ts", "TypeScript", 27, 0, 0, 0, 0, 0, 0, 3, 30
"/home/nsmyth/Dev/Alkemio/client-web/src/themes/default/typography.ts", "TypeScript", 22, 0, 0, 0, 0, 0, 0, 4, 26
"/home/nsmyth/Dev/Alkemio/client-web/src/types/env.ts", "TypeScript", 11, 0, 0, 0, 0, 0, 0, 3, 14
"/home/nsmyth/Dev/Alkemio/client-web/src/utils/apollo-cache/removeFromCache.ts", "TypeScript", 26, 0, 0, 0, 0, 0, 7, 7, 40
"/home/nsmyth/Dev/Alkemio/client-web/src/utils/buildContext.ts", "TypeScript", 54, 0, 0, 0, 0, 0, 0, 8, 62
"/home/nsmyth/Dev/Alkemio/client-web/src/utils/challenges-mapper.ts", "TypeScript", 5, 0, 0, 0, 0, 0, 0, 1, 6
"/home/nsmyth/Dev/Alkemio/client-web/src/utils/createUserNameId.ts", "TypeScript", 6, 0, 0, 0, 0, 0, 0, 2, 8
"/home/nsmyth/Dev/Alkemio/client-web/src/utils/editMode.ts", "TypeScript", 5, 0, 0, 0, 0, 0, 0, 1, 6
"/home/nsmyth/Dev/Alkemio/client-web/src/utils/functor.ts", "TypeScript", 6, 0, 0, 0, 0, 0, 1, 2, 9
"/home/nsmyth/Dev/Alkemio/client-web/src/utils/get-activity-count.ts", "TypeScript", 12, 0, 0, 0, 0, 0, 5, 5, 22
"/home/nsmyth/Dev/Alkemio/client-web/src/utils/groups-mapper.ts", "TypeScript", 5, 0, 0, 0, 0, 0, 0, 1, 6
"/home/nsmyth/Dev/Alkemio/client-web/src/utils/hexToRGBA.ts", "TypeScript", 19, 0, 0, 0, 0, 0, 0, 6, 25
"/home/nsmyth/Dev/Alkemio/client-web/src/utils/name-of.ts", "TypeScript", 2, 0, 0, 0, 0, 0, 0, 1, 3
"/home/nsmyth/Dev/Alkemio/client-web/src/utils/newReferenceName.ts", "TypeScript", 3, 0, 0, 0, 0, 0, 0, 1, 4
"/home/nsmyth/Dev/Alkemio/client-web/src/utils/replaceAll.ts", "TypeScript", 7, 0, 0, 0, 0, 0, 1, 1, 9
"/home/nsmyth/Dev/Alkemio/client-web/src/utils/shuffleCollection.ts", "TypeScript", 9, 0, 0, 0, 0, 0, 5, 3, 17
"/home/nsmyth/Dev/Alkemio/client-web/src/utils/test/test-utils.tsx", "TypeScript React", 0, 16, 0, 0, 0, 0, 0, 4, 20
"/home/nsmyth/Dev/Alkemio/client-web/src/utils/toFirstCapitalLeter.ts", "TypeScript", 3, 0, 0, 0, 0, 0, 0, 1, 4
"/home/nsmyth/Dev/Alkemio/client-web/src/utils/urlBuilders.ts", "TypeScript", 21, 0, 0, 0, 0, 0, 0, 14, 35
"/home/nsmyth/Dev/Alkemio/client-web/src/utils/urlStrip.ts", "TypeScript", 8, 0, 0, 0, 0, 0, 0, 1, 9
"/home/nsmyth/Dev/Alkemio/client-web/src/views/CommunityUpdates/CommunityUpdatesView.tsx", "TypeScript React", 0, 260, 0, 0, 0, 0, 4, 7, 271
"/home/nsmyth/Dev/Alkemio/client-web/src/views/User/UserProfileView.tsx", "TypeScript React", 0, 129, 0, 0, 0, 0, 0, 6, 135
"Total", "-", 14224, 19143, 1375, 3, 50, 641, 3414, 3685, 42535